flowID,coflowID,src,dst,bandwidth,weight
1,1,1,2,0.88547,1
2,2,1,2,0.76063,1
3,3,1,2,0.49812,1
4,4,1,2,0.40692,1
5,5,1,2,1.40583,1
